Component,Coefficient,Std_Error,T_Stat,P_Value,R_Squared,N
CREDIBILITY,24.15476478559668,7.507386471155292,3.217466541572565,0.001293281102309931,0.02614549176443537,18483
CONSISTENCY,2.180769450369934,2.6208332830791576,0.8320901083062396,0.4053580847743794,0.02579448798324091,18483
TRANSPARENCY,124.06279242842157,7.55560575640534,16.41996637043246,1.3764299549491344e-60,0.04071048713278114,18483
TIMELINESS,-38.14410943115051,4.826463155692364,-7.903118329239307,2.7201113804321073e-15,0.029438797060706623,18483
INTEGRITY,31.449672059288158,11.08136667965498,2.838067990027684,0.004538751352710127,0.026061879189555603,18483
