Trust_Tertile,N,Mean_CAR,Median_CAR,Std_CAR,Min_CAR,Max_CAR
High,360,-0.000306,-0.000129,0.029721,-0.104871,0.093942
Low,334,-0.010299,-0.010503,0.03224,-0.122945,0.084034
Medium,306,-0.005998,-0.004279,0.028677,-0.085479,0.080647
