Model,Accuracy,AUC-ROC
Logistic Regression,0.8344802607750815,0.638259485527482
Random Forest,0.8435349511046722,0.7534777884734519
XGBoost,0.8460702643969576,0.756521449062646
