Model,Accuracy,AUC-ROC
Logistic Regression,0.8482553421693265,0.6657435701553348
Random Forest,0.8558290505815526,0.7464997362581396
XGBoost,0.85799296727076,0.7392579190767217
