Component,Weight,Equal_Weight,Difference
CREDIBILITY,0.32237704098186515,0.2,0.12237704098186514
CONSISTENCY,0.13575325388621667,0.2,-0.06424674611378334
TRANSPARENCY,0.3305377649087625,0.2,0.1305377649087625
TIMELINESS,0.06343610216495561,0.2,-0.1365638978350444
INTEGRITY,0.14789583805820014,0.2,-0.05210416194179987
