Variable,N,Mean,Median,Std,Min,Max
Trust_Score_EW,18958,0.5612864672616914,0.5666427442736157,0.05800054226501997,0.2792169870279936,0.7755409446654952
Trust_Score_PCA,18958,0.5152205561750495,0.5189275175458619,0.051995670510962724,0.25932977015875314,0.7166370004893616
CREDIBILITY,18958,0.5006275988384095,0.5020661157024793,0.06649350069063671,0.0,1.0
CONSISTENCY,18958,0.7230488146509142,0.6645491667109772,0.2332182908434714,0.0,1.0
TRANSPARENCY,18958,0.3376569021900342,0.3417218220951992,0.08709879136491935,0.0,0.7358381115416021
TIMELINESS,18958,0.47454372824137564,0.4666666666666667,0.1314101696620669,0.0,1.0
INTEGRITY,18958,0.7705552923877236,0.7745916515426498,0.04510054469930177,0.4,1.0
